[
   {
      "id":7267,
      "name":"10pin Bowling Lounge",
      "address":"330 N State Street",
      "city":"Chicago",
      "state":"IL",
      "area":"Chicago / Illinois",
      "postal_code":"60610",
      "country":"US",
      "phone":"3126440300x",
      "lat":41.888634,
      "long":-87.628091,
      "price":4,
      "cuisines":[
                  "American",
                  "Steak"
                  ],
      "reserve_url":"http://www.opentable.com/single.aspx?rid=7267",
      "mobile_reserve_url":"http://mobile.opentable.com/opentable/?restId=7267",
      "image_url":"https://www.opentable.com/img/restimages/7267.jpg"
   },
   {
      "id":147604,
      "name":"Chicago Chop House",
      "address":"60 W Ontario St",
      "city":"Chicago",
      "state":"IL",
      "area":"Chicago / Illinois",
      "postal_code":"60654",
      "country":"US",
      "phone":"3127877100",
      "lat":41.893491,
      "long":-87.63045,
      "price":4,
      "cuisines":[
                  "Seafood",
                  "Steak"
                  ],
      "reserve_url":"http://www.opentable.com/single.aspx?rid=147604",
      "mobile_reserve_url":"http://mobile.opentable.com/opentable/?restId=147604",
      "image_url":"https://www.opentable.com/img/restimages/147604.jpg"
   },
   {
      "id":149062,
      "name":"Osteria Langhe",
      "address":"2824 West Armitage Avenue",
      "city":"Chicago",
      "state":"IL",
      "area":"Chicago / Illinois",
      "postal_code":"60647",
      "country":"US",
      "phone":"7736611582x",
      "lat":41.917688,
      "long":-87.698281,
      "price":2,
      "cuisines":[
                  "Italian",
                  "American"
                  ],
      "reserve_url":"http://www.opentable.com/single.aspx?rid=149062",
      "mobile_reserve_url":"http://mobile.opentable.com/opentable/?restId=149062",
      "image_url":"https://www.opentable.com/img/restimages/149062.jpg"
   },
   {
      "id":2053,
      "name":"The Capital Grille - Chicago - Downtown",
      "address":"633 North Saint Clair",
      "city":"Chicago",
      "state":"IL",
      "area":"Chicago / Illinois",
      "postal_code":"60611",
      "country":"US",
      "phone":"3123379400x",
      "lat":41.893591,
      "long":-87.622615,
      "price":4,
      "cuisines":[
                  "Pizza",
                  "Seafood"
                  ],
      "reserve_url":"http://www.opentable.com/single.aspx?rid=2053",
      "mobile_reserve_url":"http://mobile.opentable.com/opentable/?restId=2053",
      "image_url":"https://www.opentable.com/img/restimages/2053.jpg"
   },
   {
      "id":3401,
      "name":"Signature Room at the 95th",
      "address":"875 N. Michigan Avenue",
      "city":"Chicago",
      "state":"IL",
      "area":"Chicago / Illinois",
      "postal_code":"60611",
      "country":"US",
      "phone":"3127879596x",
      "lat":41.8987,
      "long":-87.6241,
      "price":4,
      "cuisines":[
                  "American",
                  "Steak"
                  ],
      "reserve_url":"http://www.opentable.com/single.aspx?rid=3401",
      "mobile_reserve_url":"http://mobile.opentable.com/opentable/?restId=3401",
      "image_url":"https://www.opentable.com/img/restimages/3401.jpg"
   },
   {
      "id":1162,
      "name":"Café Ba-Ba-Reeba",
      "address":"2024 North Halsted St.",
      "city":"Chicago",
      "state":"IL",
      "area":"Chicago / Illinois",
      "postal_code":"60614",
      "country":"US",
      "phone":"7739355000x",
      "lat":41.918677,
      "long":-87.648811,
      "price":2,
      "cuisines":[
                  "Prime Rib",
                  "Continental"
                  ],
      "reserve_url":"http://www.opentable.com/single.aspx?rid=1162",
      "mobile_reserve_url":"http://mobile.opentable.com/opentable/?restId=1162",
      "image_url":"https://www.opentable.com/img/restimages/1162.jpg"
   },
   {
      "id":145783,
      "name":"Gaudí Café",
      "address":"1147 W Grand Ave",
      "city":"Chicago",
      "state":"IL",
      "area":"Chicago / Illinois",
      "postal_code":"60642",
      "country":"US",
      "phone":"3127339528x",
      "lat":41.890772,
      "long":-87.656439,
      "price":2,
      "cuisines":[
                  "American",
                  "Seafood"
                  ],
      "reserve_url":"http://www.opentable.com/single.aspx?rid=145783",
      "mobile_reserve_url":"http://mobile.opentable.com/opentable/?restId=145783",
      "image_url":"https://www.opentable.com/img/restimages/145783.jpg"
   },
   {
      "id":5822,
      "name":"Sola",
      "address":"3868 N Lincoln",
      "city":"Chicago",
      "state":"IL",
      "area":"Chicago / Illinois",
      "postal_code":"60613",
      "country":"US",
      "phone":"7733273868",
      "lat":41.952,
      "long":-87.677,
      "price":2,
      "cuisines":[
                  "American",
                  "Burgers"
                  ],
      "reserve_url":"http://www.opentable.com/single.aspx?rid=5822",
      "mobile_reserve_url":"http://mobile.opentable.com/opentable/?restId=5822",
      "image_url":"https://www.opentable.com/img/restimages/5822.jpg"
   },
   {
      "id":71881,
      "name":"goosefoot",
      "address":"2656 W Lawrence Ave",
      "city":"Chicago",
      "state":"IL",
      "area":"Chicago / Illinois",
      "postal_code":"60625",
      "country":"US",
      "phone":"7739427547x",
      "lat":41.96858,
      "long":-87.695971,
      "price":4,
      "cuisines":[
                  "American",
                  "French"
                  ],
      "reserve_url":"http://www.opentable.com/single.aspx?rid=71881",
      "mobile_reserve_url":"http://mobile.opentable.com/opentable/?restId=71881",
      "image_url":"https://www.opentable.com/img/restimages/71881.jpg"
   },
   {
      "id":150433,
      "name":"Fat Rice",
      "address":"2957 W. Diversey Ave",
      "city":"Chicago",
      "state":"IL",
      "area":"Chicago / Illinois",
      "postal_code":"60647",
      "country":"US",
      "phone":"7736619170x",
      "lat":41.931925,
      "long":-87.702288,
      "price":2,
      "cuisines":[
                  "American",
                  "Caribbean"
                  ],
      "reserve_url":"http://www.opentable.com/single.aspx?rid=150433",
      "mobile_reserve_url":"http://mobile.opentable.com/opentable/?restId=150433",
      "image_url":"https://www.opentable.com/img/restimages/150433.jpg"
   },
   {
      "id":150607,
      "name":"Spencer's Jolly Posh Foods",
      "address":"3755 N Southport",
      "city":"Chicago",
      "state":"IL",
      "area":"Chicago / Illinois",
      "postal_code":"60613",
      "country":"US",
      "phone":"8728023840x",
      "lat":41.950555,
      "long":-87.663831,
      "price":2,
      "cuisines":[
                  "Seafood",
                  "Spanish"
                  ],
      "reserve_url":"http://www.opentable.com/single.aspx?rid=150607",
      "mobile_reserve_url":"http://mobile.opentable.com/opentable/?restId=150607",
      "image_url":"https://www.opentable.com/img/restimages/150607.jpg"
   },
   {
      "id":2448,
      "name":"Ditka's - Chicago",
      "address":"100 E. Chestnut Street",
      "city":"Chicago",
      "state":"IL",
      "area":"Chicago / Illinois",
      "postal_code":"60611",
      "country":"US",
      "phone":"3125878989x",
      "lat":41.8983,
      "long":-87.6256,
      "price":3,
      "cuisines":[
                  "Organic",
                  "American"
                  ],
      "reserve_url":"http://www.opentable.com/single.aspx?rid=2448",
      "mobile_reserve_url":"http://mobile.opentable.com/opentable/?restId=2448",
      "image_url":"https://www.opentable.com/img/restimages/2448.jpg"
   },
   {
      "id":6650,
      "name":"The Terrace Rooftop  Bar  Restaurant",
      "address":"Conrad Chicago",
      "city":"Chicago",
      "state":"IL",
      "area":"Chicago / Illinois",
      "postal_code":"60611",
      "country":"US",
      "phone":"3123770979x",
      "lat":41.891256,
      "long":-87.625365,
      "price":3,
      "cuisines":[
                  "Bar",
                  "American"
                  ],
      "reserve_url":"http://www.opentable.com/single.aspx?rid=6650",
      "mobile_reserve_url":"http://mobile.opentable.com/opentable/?restId=6650",
      "image_url":"https://www.opentable.com/img/restimages/6650.jpg"
   },
   {
      "id":16765,
      "name":"Anteprima",
      "address":"5316 N Clark Street",
      "city":"Chicago",
      "state":"IL",
      "area":"Chicago / Illinois",
      "postal_code":"60640",
      "country":"US",
      "phone":"7735069990x",
      "lat":41.978411,
      "long":-87.668256,
      "price":3,
      "cuisines":[
                  "Italian",
                  "Seafood"
                  ],
      "reserve_url":"http://www.opentable.com/single.aspx?rid=16765",
      "mobile_reserve_url":"http://mobile.opentable.com/opentable/?restId=16765",
      "image_url":"https://www.opentable.com/img/restimages/16765.jpg"
   },
   {
      "id":1842,
      "name":"Gibsons Bar & Steakhouse - Chicago",
      "address":"1028 North Rush",
      "city":"Chicago",
      "state":"IL",
      "area":"Chicago / Illinois",
      "postal_code":"60611",
      "country":"US",
      "phone":"3122668999",
      "lat":41.90168,
      "long":-87.628244,
      "price":4,
      "cuisines":[
                  "Steak",
                  "Prime Rib"
                  ],
      "reserve_url":"http://www.opentable.com/single.aspx?rid=1842",
      "mobile_reserve_url":"http://mobile.opentable.com/opentable/?restId=1842",
      "image_url":"https://www.opentable.com/img/restimages/1842.jpg"
   },
   {
      "id":23299,
      "name":"HUB 51",
      "address":"51 W. Hubbard",
      "city":"Chicago",
      "state":"IL",
      "area":"Chicago / Illinois",
      "postal_code":"60654",
      "country":"US",
      "phone":"3128280051x",
      "lat":41.889798,
      "long":-87.630093,
      "price":2,
      "cuisines":[
                  "Bar",
                  "American"
                  ],
      "reserve_url":"http://www.opentable.com/single.aspx?rid=23299",
      "mobile_reserve_url":"http://mobile.opentable.com/opentable/?restId=23299",
      "image_url":"https://www.opentable.com/img/restimages/23299.jpg"
   },
   {
      "id":20989,
      "name":"L2O",
      "address":"2300 N. Lincoln Park West",
      "city":"Chicago",
      "state":"IL",
      "area":"Chicago / Illinois",
      "postal_code":"60614",
      "country":"US",
      "phone":"7738680002x",
      "lat":41.924091,
      "long":-87.636973,
      "price":4,
      "cuisines":[
                  "Wine",
                  "American"
                  ],
      "reserve_url":"http://www.opentable.com/single.aspx?rid=20989",
      "mobile_reserve_url":"http://mobile.opentable.com/opentable/?restId=20989",
      "image_url":"https://www.opentable.com/img/restimages/20989.jpg"
   },
   {
      "id":2323,
      "name":"Kamehachi of Tokyo - Wells Street",
      "address":"1531 N Wells Street",
      "city":"Chicago",
      "state":"IL",
      "area":"Chicago / Illinois",
      "postal_code":"60610",
      "country":"US",
      "phone":"3126643663",
      "lat":41.910041,
      "long":-87.634223,
      "price":2,
      "cuisines":[
                  "Sushi",
                  "Japanese"
                  ],
      "reserve_url":"http://www.opentable.com/single.aspx?rid=2323",
      "mobile_reserve_url":"http://mobile.opentable.com/opentable/?restId=2323",
      "image_url":"https://www.opentable.com/img/restimages/2323.jpg"
   },
   {
      "id":2092,
      "name":"RL Restaurant",
      "address":"115 E Chicago Ave",
      "city":"Chicago",
      "state":"IL",
      "area":"Chicago / Illinois",
      "postal_code":"60611",
      "country":"US",
      "phone":"3124751100",
      "lat":41.896563,
      "long":-87.625166,
      "price":3,
      "cuisines":[
                  "Vietnamese",
                  "Panasian"
                  ],
      "reserve_url":"http://www.opentable.com/single.aspx?rid=2092",
      "mobile_reserve_url":"http://mobile.opentable.com/opentable/?restId=2092",
      "image_url":"https://www.opentable.com/img/restimages/2092.jpg"
   },
   {
      "id":22804,
      "name":"AraOn",
      "address":"160 W. Adams Street",
      "city":"Chicago",
      "state":"IL",
      "area":"Chicago / Illinois",
      "postal_code":"60603",
      "country":"US",
      "phone":"3127817300",
      "lat":41.879736,
      "long":-87.632668,
      "price":2,
      "cuisines":[
                  "American",
                  "Brewery"
                  ],
      "reserve_url":"http://www.opentable.com/single.aspx?rid=22804",
      "mobile_reserve_url":"http://mobile.opentable.com/opentable/?restId=22804",
      "image_url":"https://www.opentable.com/img/restimages/22804.jpg"
   },
   {
      "id":117958,
      "name":"Bottlefork",
      "address":"441 North Clark Street",
      "city":"Chicago",
      "state":"IL",
      "area":"Chicago / Illinois",
      "postal_code":"60654",
      "country":"US",
      "phone":"3129551900x",
      "lat":41.890438,
      "long":-87.63079,
      "price":2,
      "cuisines":[
                  "American",
                  "Steak"
                  ],
      "reserve_url":"http://www.opentable.com/single.aspx?rid=117958",
      "mobile_reserve_url":"http://mobile.opentable.com/opentable/?restId=117958",
      "image_url":"https://www.opentable.com/img/restimages/117958.jpg"
   },
   {
      "id":107047,
      "name":"Macku Signature",
      "address":"2925 N Halsted St",
      "city":"Chicago",
      "state":"IL",
      "area":"Chicago / Illinois",
      "postal_code":"60657",
      "country":"US",
      "phone":"7733608816x",
      "lat":41.935593,
      "long":-87.649099,
      "price":3,
      "cuisines":[
                  "American",
                  "Burgers"
                  ],
      "reserve_url":"http://www.opentable.com/single.aspx?rid=107047",
      "mobile_reserve_url":"http://mobile.opentable.com/opentable/?restId=107047",
      "image_url":"https://www.opentable.com/img/restimages/107047.jpg"
   },
   {
      "id":91492,
      "name":"Chuck's: A Kerry Simon Kitchen",
      "address":"224 North Michigan Ave",
      "city":"Chicago",
      "state":"IL",
      "area":"Chicago / Illinois",
      "postal_code":"60601",
      "country":"US",
      "phone":"3123346700x",
      "lat":41.886436,
      "long":-87.624614,
      "price":2,
      "cuisines":[
                  "American",
                  "South American"
                  ],
      "reserve_url":"http://www.opentable.com/single.aspx?rid=91492",
      "mobile_reserve_url":"http://mobile.opentable.com/opentable/?restId=91492",
      "image_url":"https://www.opentable.com/img/restimages/91492.jpg"
   },
   {
      "id":1004,
      "name":"Coco Pazzo",
      "address":"300 West Hubbard",
      "city":"Chicago",
      "state":"IL",
      "area":"Chicago / Illinois",
      "postal_code":"60610",
      "country":"US",
      "phone":"3128360900x",
      "lat":41.890037,
      "long":-87.635682,
      "price":3,
      "cuisines":[
                  "Italian",
                  "Pizza"
                  ],
      "reserve_url":"http://www.opentable.com/single.aspx?rid=1004",
      "mobile_reserve_url":"http://mobile.opentable.com/opentable/?restId=1004",
      "image_url":"https://www.opentable.com/img/restimages/1004.jpg"
   },
   {
      "id":21979,
      "name":"David Burke's Primehouse in the James Hotel",
      "address":"616 N Rush Street",
      "city":"Chicago",
      "state":"IL",
      "area":"Chicago / Illinois",
      "postal_code":"60611",
      "country":"US",
      "phone":"3126606000x",
      "lat":41.892946,
      "long":-87.62539,
      "price":3,
      "cuisines":[
                  "Steak",
                  "American"
                  ],
      "reserve_url":"http://www.opentable.com/single.aspx?rid=21979",
      "mobile_reserve_url":"http://mobile.opentable.com/opentable/?restId=21979",
      "image_url":"https://www.opentable.com/img/restimages/21979.jpg"
   }
]