{
  "info" : {
    "version" : 1,
    "author" : "xcode"
  },
  "colors" : [
    {
      "idiom" : "universal",
      "color" : {
        "color-space" : "srgb",
        "components" : {
          "red" : "0xAA",
          "alpha" : "1.000",
          "blue" : "0xAA",
          "green" : "0xAA"
        }
      }
    },
    {
      "idiom" : "universal",
      "appearances" : [
        {
          "appearance" : "luminosity",
          "value" : "dark"
        }
      ],
      "color" : {
        "color-space" : "gray-gamma-22",
        "components" : {
          "white" : "0.250",
          "alpha" : "1.000"
        }
      }
    }
  ]
}